nombre;correo;isDueño;actividadesRealizadas
Julian;julian@gmail.com;false;1
Juan;juan@gmail.com;false;2
Jose;jose@gmail.com;false;3
Joaquin;joaquin@gmail.com;;4
JulioProfe;juliprofe@gmail.com;;5
Jaramillo;jaramillo@gmail.com;;6
Janeyis;janeyis@gmail.com;;7
